Workbook

Sheet Metadata - 20250725
A1: SampleName | B1: WithCOI | C1: WithITS2 | D1: DoubleCheck | E1: Comments | F1: COISequence | G1: SpeciesNameCOIValidatedBefore20250725 | H1: COIValidated20250725 | I1: StandardizedSampleNameBefore20250725 | J1: StandardID20250725 | K1: SequencingBatch | L1: Sequencing run | M1: fastq_fwd_file_name | N1: fastq_rev_file_name | O1: Site | P1: Region | Q1: Latitude | R1: Longitude | S1: ApproximateShellLength | T1: Age | U1: CohortYear | V1: TransplantationYear | W1: TransplantationAge | X1: YearsSpentAtTransplantationSite | Y1: AdditionalSiteInfo | Z1: AdditionalComments
A2: SEM-Hh-1 | B2: =_xlfn.IFNA(VLOOKUP(I2,WithCOI!A:B,2,FALSE),"No COI") -> With COI | C2: =IF(_xlfn.IFNA(VLOOKUP(I2,WithITS2!A:A,1,FALSE),"None") = "None", "None","Yes") -> Yes | D2: =IF(AND(B2="No COI",C2="Yes"),"Double check","OK") -> OK | G2: Hh | H2: =G2 -> Hh | I2: HH01 | J2: HH01 | K2: Y2 | L2: HN00122531 | M2: SEM-Hh-1_1.fastq.gz | N2: SEM-Hh-1_2.fastq.gz | O2: Semirara | P2: Antique | Q2: 12.087081 | R2: 121.34602
A3: APO-B-Hh-1 | B3: =_xlfn.IFNA(VLOOKUP(I3,WithCOI!A:B,2,FALSE),"No COI") -> With COI | C3: =IF(_xlfn.IFNA(VLOOKUP(I3,WithITS2!A:A,1,FALSE),"None") = "None", "None","Yes") -> Yes | D3: =IF(AND(B3="No COI",C3="Yes"),"Double check","OK") -> OK | G3: Hh | H3: =G3 -> Hh | I3: HH02 | J3: HH02 | K3: Y2 | L3: HN00125113 | M3: APO-B-Hh-1_1.fastq.gz | N3: APO-B-Hh-1_2.fastq.gz | O3: Binanggaan | P3: ARNP | Q3: 12.6618 | R3: 120.43573
A4: APO-B-Hh-4 | B4: =_xlfn.IFNA(VLOOKUP(I4,WithCOI!A:B,2,FALSE),"No COI") -> With COI | C4: =IF(_xlfn.IFNA(VLOOKUP(I4,WithITS2!A:A,1,FALSE),"None") = "None", "None","Yes") -> Yes | D4: =IF(AND(B4="No COI",C4="Yes"),"Double check","OK") -> OK | G4: Hh | H4: =G4 -> Hh | I4: HH03 | J4: HH03 | K4: Y2 | L4: HN00125113 | M4: APO-B-Hh-4_1.fastq.gz | N4: APO-B-Hh-4_2.fastq.gz | O4: Binanggaan | P4: ARNP | Q4: 12.6618 | R4: 120.43573
A5: APO-B-Hp-4 | B5: =_xlfn.IFNA(VLOOKUP(I5,WithCOI!A:B,2,FALSE),"No COI") -> With COI | C5: =IF(_xlfn.IFNA(VLOOKUP(I5,WithITS2!A:A,1,FALSE),"None") = "None", "None","Yes") -> Yes | D5: =IF(AND(B5="No COI",C5="Yes"),"Double check","OK") -> OK | E5: Confirmed HH | F5: Yes | G5: Hh | H5: Hh | I5: HH05 | J5: HH05 | K5: Y2 | L5: HN00125113 | M5: APO-B-Hp-4_1.fastq.gz | N5: APO-B-Hp-4_2.fastq.gz | O5: Binanggaan | P5: ARNP | Q5: 12.6618 | R5: 120.43573
A6: SEM-Hh-2 | B6: =_xlfn.IFNA(VLOOKUP(I6,WithCOI!A:B,2,FALSE),"No COI") -> With COI | C6: =IF(_xlfn.IFNA(VLOOKUP(I6,WithITS2!A:A,1,FALSE),"None") = "None", "None","Yes") -> Yes | D6: =IF(AND(B6="No COI",C6="Yes"),"Double check","OK") -> OK | G6: Hh | H6: =G6 -> Hh | I6: HH06 | J6: HH06 | K6: Y2 | L6: HN00125113 | M6: SEM-Hh-2_1.fastq.gz | N6: SEM-Hh-2_2.fastq.gz | O6: Semirara | P6: Antique | Q6: 12.087081 | R6: 121.34602
A7: SEM-Hh-4 | B7: =_xlfn.IFNA(VLOOKUP(I7,WithCOI!A:B,2,FALSE),"No COI") -> With COI | C7: =IF(_xlfn.IFNA(VLOOKUP(I7,WithITS2!A:A,1,FALSE),"None") = "None", "None","Yes") -> Yes | D7: =IF(AND(B7="No COI",C7="Yes"),"Double check","OK") -> OK | G7: Hh | H7: =G7 -> Hh | I7: HH07 | J7: HH07 | K7: Y2 | L7: HN00125113 | M7: SEM-Hh-4_1.fastq.gz | N7: SEM-Hh-4_2.fastq.gz | O7: Semirara | P7: Antique | Q7: 12.087081 | R7: 121.34602
A8: Bohol_Hh_1 | B8: =_xlfn.IFNA(VLOOKUP(I8,WithCOI!A:B,2,FALSE),"No COI") -> With COI | C8: =IF(_xlfn.IFNA(VLOOKUP(I8,WithITS2!A:A,1,FALSE),"None") = "None", "None","Yes") -> Yes | D8: =IF(AND(B8="No COI",C8="Yes"),"Double check","OK") -> OK | G8: Hh | H8: =G8 -> Hh | I8: HH08 | J8: HH08 | K8: Y3 | L8: HN00138609 | M8: Bohol_Hh_1_1.fastq.gz | N8: Bohol_Hh_1_2.fastq.gz | O8: Bohol | P8: Bohol | Q8: 9.6287333 | R8: 123.80482
A9: Bohol_Hh_2 | B9: =_xlfn.IFNA(VLOOKUP(I9,WithCOI!A:B,2,FALSE),"No COI") -> With COI | C9: =IF(_xlfn.IFNA(VLOOKUP(I9,WithITS2!A:A,1,FALSE),"None") = "None", "None","Yes") -> Yes | D9: =IF(AND(B9="No COI",C9="Yes"),"Double check","OK") -> OK | G9: Hh | H9: =G9 -> Hh | I9: HH09 | J9: HH09 | K9: Y3 | L9: HN00138609 | M9: Bohol_Hh_2_1.fastq.gz | N9: Bohol_Hh_2_2.fastq.gz | O9: Bohol | P9: Bohol | Q9: 9.6287333 | R9: 123.80482
A10: Bohol_Hh_3 | B10: =_xlfn.IFNA(VLOOKUP(I10,WithCOI!A:B,2,FALSE),"No COI") -> With COI | C10: =IF(_xlfn.IFNA(VLOOKUP(I10,WithITS2!A:A,1,FALSE),"None") = "None", "None","Yes") -> Yes | D10: =IF(AND(B10="No COI",C10="Yes"),"Double check","OK") -> OK | G10: Hh | H10: =G10 -> Hh | I10: HH10 | J10: HH10 | K10: Y3 | L10: HN00138609 | M10: Bohol_Hh_3_1.fastq.gz | N10: Bohol_Hh_3_2.fastq.gz | O10: Bohol | P10: Bohol | Q10: 9.6287333 | R10: 123.80482
A11: Camiguin_Hh_1 | B11: =_xlfn.IFNA(VLOOKUP(I11,WithCOI!A:B,2,FALSE),"No COI") -> With COI | C11: =IF(_xlfn.IFNA(VLOOKUP(I11,WithITS2!A:A,1,FALSE),"None") = "None", "None","Yes") -> Yes | D11: =IF(AND(B11="No COI",C11="Yes"),"Double check","OK") -> OK | G11: Hh | H11: =G11 -> Hh | I11: HH11 | J11: HH11 | K11: Y3 | L11: HN00138609 | M11: Camiguin_Hh_1_1.fastq.gz | N11: Camiguin_Hh_1_2.fastq.gz | O11: Camiguin | P11: Camiguin | Q11: 9.1074134 | R11: 124.8032
A12: Camiguin_Hh_2 | B12: =_xlfn.IFNA(VLOOKUP(I12,WithCOI!A:B,2,FALSE),"No COI") -> With COI | C12: =IF(_xlfn.IFNA(VLOOKUP(I12,WithITS2!A:A,1,FALSE),"None") = "None", "None","Yes") -> Yes | D12: =IF(AND(B12="No COI",C12="Yes"),"Double check","OK") -> OK | G12: Hh | H12: =G12 -> Hh | I12: HH12 | J12: HH12 | K12: Y3 | L12: HN00138609 | M12: Camiguin_Hh_2_1.fastq.gz | N12: Camiguin_Hh_2_2.fastq.gz | O12: Camiguin | P12: Camiguin | Q12: 9.1074134 | R12: 124.8032
A13: Camiguin_Hh_3 | B13: =_xlfn.IFNA(VLOOKUP(I13,WithCOI!A:B,2,FALSE),"No COI") -> With COI | C13: =IF(_xlfn.IFNA(VLOOKUP(I13,WithITS2!A:A,1,FALSE),"None") = "None", "None","Yes") -> Yes | D13: =IF(AND(B13="No COI",C13="Yes"),"Double check","OK") -> OK | G13: Hh | H13: =G13 -> Hh | I13: HH13 | J13: HH13 | K13: Y3 | L13: HN00138609 | M13: Camiguin_Hh_3_1.fastq.gz | N13: Camiguin_Hh_3_2.fastq.gz | O13: Camiguin | P13: Camiguin | Q13: 9.1074134 | R13: 124.8032
A14: Samar_Hh_1 | B14: =_xlfn.IFNA(VLOOKUP(I14,WithCOI!A:B,2,FALSE),"No COI") -> With COI | C14: =IF(_xlfn.IFNA(VLOOKUP(I14,WithITS2!A:A,1,FALSE),"None") = "None", "None","Yes") -> Yes | D14: =IF(AND(B14="No COI",C14="Yes"),"Double check","OK") -> OK | G14: Hh | H14: =G14 -> Hh | I14: HH14 | J14: HH14 | K14: Y3 | L14: HN00138609 | M14: Samar_Hh_1_1.fastq.gz | N14: Samar_Hh_1_2.fastq.gz | O14: Guiuan | P14: Samar | Q14: 11.0583 | R14: 125.6537
A15: Samar_Hh_3 | B15: =_xlfn.IFNA(VLOOKUP(I15,WithCOI!A:B,2,FALSE),"No COI") -> With COI | C15: =IF(_xlfn.IFNA(VLOOKUP(I15,WithITS2!A:A,1,FALSE),"None") = "None", "None","Yes") -> Yes | D15: =IF(AND(B15="No COI",C15="Yes"),"Double check","OK") -> OK | G15: Hh | H15: =G15 -> Hh | I15: HH15 | J15: HH15 | K15: Y3 | L15: HN00138609 | M15: Samar_Hh_3_1.fastq.gz | N15: Samar_Hh_3_2.fastq.gz | O15: Guiuan | P15: Samar | Q15: 11.0583 | R15: 125.6537
A16: Samar_Hh_4 | B16: =_xlfn.IFNA(VLOOKUP(I16,WithCOI!A:B,2,FALSE),"No COI") -> With COI | C16: =IF(_xlfn.IFNA(VLOOKUP(I16,WithITS2!A:A,1,FALSE),"None") = "None", "None","Yes") -> Yes | D16: =IF(AND(B16="No COI",C16="Yes"),"Double check","OK") -> OK | G16: Hh | H16: =G16 -> Hh | I16: HH16 | J16: HH16 | K16: Y3 | L16: HN00138609 | M16: Samar_Hh_4_1.fastq.gz | N16: Samar_Hh_4_2.fastq.gz | O16: Guiuan | P16: Samar | Q16: 11.0583 | R16: 125.6537
A17: SIL_Hh_1 | B17: =_xlfn.IFNA(VLOOKUP(I17,WithCOI!A:B,2,FALSE),"No COI") -> With COI | C17: =IF(_xlfn.IFNA(VLOOKUP(I17,WithITS2!A:A,1,FALSE),"None") = "None", "None","Yes") -> Yes | D17: =IF(AND(B17="No COI",C17="Yes"),"Double check","OK") -> OK | G17: Hh | H17: =G17 -> Hh | I17: HH17 | J17: HH17 | K17: Y3 | L17: HN00147512 | M17: SIL_Hh_1_1.fastq.gz | N17: SIL_Hh_1_2.fastq.gz | O17: Silaqui | P17: Bolinao | Q17: 16.444117 | R17: 119.92153
... A19: SIL_Hh_3 | B19: =_xlfn.IFNA(VLOOKUP(I19,WithCOI!A:B,2,FALSE),"No COI") -> With COI | C19: =IF(_xlfn.IFNA(VLOOKUP(I19,WithITS2!A:A,1,FALSE),"None") = "None", "None","Yes") -> Yes | D19: =IF(AND(B19="No COI",C19="Yes"),"Double check","OK") -> OK | G19: Hh | H19: =G19 -> Hh | I19: HH19 | J19: HH19 | K19: Y3 | L19: HN00147512 | M19: SIL_Hh_3_1.fastq.gz | N19: SIL_Hh_3_2.fastq.gz | O19: Silaqui | P19: Bolinao | Q19: 16.444117 | R19: 119.92153
A20: APO-B-Hp-1 | B20: =_xlfn.IFNA(VLOOKUP(I20,WithCOI!A:B,2,FALSE),"No COI") -> With COI | C20: =IF(_xlfn.IFNA(VLOOKUP(I20,WithITS2!A:A,1,FALSE),"None") = "None", "None","Yes") -> Yes | D20: =IF(AND(B20="No COI",C20="Yes"),"Double check","OK") -> OK | E20: Confirmed HH | F20: Yes | G20: Hp | H20: Hh | I20: HP03 | J20: HH20 | K20: Y2 | L20: HN00125113 | M20: APO-B-Hp-1_1.fastq.gz | N20: APO-B-Hp-1_2.fastq.gz | O20: Binanggaan | P20: ARNP | Q20: 12.6618 | R20: 120.43573
A21: SEM-Hp-1 | B21: =_xlfn.IFNA(VLOOKUP(I21,WithCOI!A:B,2,FALSE),"No COI") -> With COI | C21: =IF(_xlfn.IFNA(VLOOKUP(I21,WithITS2!A:A,1,FALSE),"None") = "None", "None","Yes") -> Yes | D21: =IF(AND(B21="No COI",C21="Yes"),"Double check","OK") -> OK | G21: Hp | H21: =G21 -> Hp | I21: HP01 | J21: HP01 | K21: Y2 | L21: HN00122531 | M21: SEM-Hp-1_1.fastq.gz | N21: SEM-Hp-1_2.fastq.gz | O21: Semirara | P21: Antique | Q21: 12.087081 | R21: 121.34602
A22: SEM-Hp-2 | B22: =_xlfn.IFNA(VLOOKUP(I22,WithCOI!A:B,2,FALSE),"No COI") -> With COI | C22: =IF(_xlfn.IFNA(VLOOKUP(I22,WithITS2!A:A,1,FALSE),"None") = "None", "None","Yes") -> Yes | D22: =IF(AND(B22="No COI",C22="Yes"),"Double check","OK") -> OK | G22: Hp | H22: =G22 -> Hp | I22: HP02 | J22: HP02 | K22: Y2 | L22: HN00122531 | M22: SEM-Hp-2_1.fastq.gz | N22: SEM-Hp-2_2.fastq.gz | O22: Semirara | P22: Antique | Q22: 12.087081 | R22: 121.34602
A23: APO-B-Hp-6 | B23: =_xlfn.IFNA(VLOOKUP(I23,WithCOI!A:B,2,FALSE),"No COI") -> With COI | C23: =IF(_xlfn.IFNA(VLOOKUP(I23,WithITS2!A:A,1,FALSE),"None") = "None", "None","Yes") -> Yes | D23: =IF(AND(B23="No COI",C23="Yes"),"Double check","OK") -> OK | E23: Confirmed HP | F23: Yes | G23: Hp | H23: Hp | I23: HP04 | J23: HP04 | K23: Y2 | L23: HN00125113 | M23: APO-B-Hp-6_1.fastq.gz | N23: APO-B-Hp-6_2.fastq.gz | O23: Binanggaan | P23: ARNP | Q23: 12.6618 | R23: 120.43573
A24: SEM-Hp-4 | B24: =_xlfn.IFNA(VLOOKUP(I24,WithCOI!A:B,2,FALSE),"No COI") -> With COI | C24: =IF(_xlfn.IFNA(VLOOKUP(I24,WithITS2!A:A,1,FALSE),"None") = "None", "None","Yes") -> Yes | D24: =IF(AND(B24="No COI",C24="Yes"),"Double check","OK") -> OK | G24: Hp | H24: =G24 -> Hp | I24: HP05 | J24: HP05 | K24: Y2 | L24: HN00125113 | M24: SEM-Hp-4_1.fastq.gz | N24: SEM-Hp-4_2.fastq.gz | O24: Semirara | P24: Antique | Q24: 12.087081 | R24: 121.34602
A25: APO-B-Hh-6 | B25: =_xlfn.IFNA(VLOOKUP(I25,WithCOI!A:B,2,FALSE),"No COI") -> No COI | C25: =IF(_xlfn.IFNA(VLOOKUP(I25,WithITS2!A:A,1,FALSE),"None") = "None", "None","Yes") -> Yes | D25: =IF(AND(B25="No COI",C25="Yes"),"Double check","OK") -> Double check | E25: Confirmed TC | F25: Yes | G25: Hh | H25: Tc | I25: HH04 | J25: TC30 | K25: Y2 | L25: HN00125113 | M25: APO-B-Hh-6_1.fastq.gz | N25: APO-B-Hh-6_2.fastq.gz | O25: Binanggaan | P25: ARNP | Q25: 12.6618 | R25: 120.43573
A26: SEMIRARA-Tc-10 | B26: =_xlfn.IFNA(VLOOKUP(I26,WithCOI!A:B,2,FALSE),"No COI") -> No COI | C26: =IF(_xlfn.IFNA(VLOOKUP(I26,WithITS2!A:A,1,FALSE),"None") = "None", "None","Yes") -> None | D26: =IF(AND(B26="No COI",C26="Yes"),"Double check","OK") -> OK | G26: Tc | H26: =G26 -> Tc | I26: TC01 | J26: TC01 | K26: Y1 | L26: HN00102818 | M26: SEMIRARA-Tc-10_1.fastq.gz | N26: SEMIRARA-Tc-10_2.fastq.gz | O26: Semirara | P26: Antique | Q26: 12.087081 | R26: 121.34602
A27: SEMIRARA-Tc-7 | B27: =_xlfn.IFNA(VLOOKUP(I27,WithCOI!A:B,2,FALSE),"No COI") -> No COI | C27: =IF(_xlfn.IFNA(VLOOKUP(I27,WithITS2!A:A,1,FALSE),"None") = "None", "None","Yes") -> None | D27: =IF(AND(B27="No COI",C27="Yes"),"Double check","OK") -> OK | G27: Tc | H27: =G27 -> Tc | I27: TC02 | J27: TC02 | K27: Y1 | L27: HN00102818 | M27: SEMIRARA-Tc-7_1.fastq.gz | N27: SEMIRARA-Tc-7_2.fastq.gz | O27: Semirara | P27: Antique | Q27: 12.087081 | R27: 121.34602
A28: SEMIRARA-Tc-8 | B28: =_xlfn.IFNA(VLOOKUP(I28,WithCOI!A:B,2,FALSE),"No COI") -> No COI | C28: =IF(_xlfn.IFNA(VLOOKUP(I28,WithITS2!A:A,1,FALSE),"None") = "None", "None","Yes") -> None | D28: =IF(AND(B28="No COI",C28="Yes"),"Double check","OK") -> OK | G28: Tc | H28: =G28 -> Tc | I28: TC03 | J28: TC03 | K28: Y1 | L28: HN00102818 | M28: SEMIRARA-Tc-8_1.fastq.gz | N28: SEMIRARA-Tc-8_2.fastq.gz | O28: Semirara | P28: Antique | Q28: 12.087081 | R28: 121.34602
A29: SEMIRARA-Tm-3 | B29: =_xlfn.IFNA(VLOOKUP(I29,WithCOI!A:B,2,FALSE),"No COI") -> No COI | C29: =IF(_xlfn.IFNA(VLOOKUP(I29,WithITS2!A:A,1,FALSE),"None") = "None", "None","Yes") -> None | D29: =IF(AND(B29="No COI",C29="Yes"),"Double check","OK") -> OK | G29: Tc | H29: =G29 -> Tc | I29: TC04 | J29: TC04 | K29: Y1 | L29: HN00102818 | M29: SEMIRARA-Tm-3_1.fastq.gz | N29: SEMIRARA-Tm-3_2.fastq.gz | O29: Semirara | P29: Antique | Q29: 12.087081 | R29: 121.34602
A30: SEMIRARA-Tm-5 | B30: =_xlfn.IFNA(VLOOKUP(I30,WithCOI!A:B,2,FALSE),"No COI") -> No COI | C30: =IF(_xlfn.IFNA(VLOOKUP(I30,WithITS2!A:A,1,FALSE),"None") = "None", "None","Yes") -> None | D30: =IF(AND(B30="No COI",C30="Yes"),"Double check","OK") -> OK | G30: Tc | H30: =G30 -> Tc | I30: TC05 | J30: TC05 | K30: Y1 | L30: HN00102818 | M30: SEMIRARA-Tm-5_1.fastq.gz | N30: SEMIRARA-Tm-5_2.fastq.gz | O30: Semirara | P30: Antique | Q30: 12.087081 | R30: 121.34602
A31: APO-SA-Tc-3 | B31: =_xlfn.IFNA(VLOOKUP(I31,WithCOI!A:B,2,FALSE),"No COI") -> With COI | C31: =IF(_xlfn.IFNA(VLOOKUP(I31,WithITS2!A:A,1,FALSE),"None") = "None", "None","Yes") -> Yes | D31: =IF(AND(B31="No COI",C31="Yes"),"Double check","OK") -> OK | G31: Tc | H31: =G31 -> Tc | I31: TC06 | J31: TC06 | K31: Y2 | L31: HN00122531 | M31: APO-SA-Tc-3_1.fastq.gz | N31: APO-SA-Tc-3_2.fastq.gz | O31: South Atoll | P31: ARNP | Q31: 12.639567 | R31: 120.45162
A32: APO-SA-Tc-5 | B32: =_xlfn.IFNA(VLOOKUP(I32,WithCOI!A:B,2,FALSE),"No COI") -> With COI | C32: =IF(_xlfn.IFNA(VLOOKUP(I32,WithITS2!A:A,1,FALSE),"None") = "None", "None","Yes") -> Yes | D32: =IF(AND(B32="No COI",C32="Yes"),"Double check","OK") -> OK | G32: Tc | H32: =G32 -> Tc | I32: TC07 | J32: TC07 | K32: Y2 | L32: HN00122531 | M32: APO-SA-Tc-5_1.fastq.gz | N32: APO-SA-Tc-5_2.fastq.gz | O32: South Atoll | P32: ARNP | Q32: 12.639567 | R32: 120.45162
A33: MAS-Tc-2 | B33: =_xlfn.IFNA(VLOOKUP(I33,WithCOI!A:B,2,FALSE),"No COI") -> With COI | C33: =IF(_xlfn.IFNA(VLOOKUP(I33,WithITS2!A:A,1,FALSE),"None") = "None", "None","Yes") -> Yes | D33: =IF(AND(B33="No COI",C33="Yes"),"Double check","OK") -> OK | G33: Tc | H33: =G33 -> Tc | I33: TC08 | J33: TC08 | K33: Y2 | L33: HN00122531 | M33: MAS-Tc-2_1.fastq.gz | N33: MAS-Tc-2_2.fastq.gz | O33: Masinloc | P33: Zambales | Q33: 15.529867 | R33: 119.92482
A34: MAS-Tc-3 | B34: =_xlfn.IFNA(VLOOKUP(I34,WithCOI!A:B,2,FALSE),"No COI") -> With COI | C34: =IF(_xlfn.IFNA(VLOOKUP(I34,WithITS2!A:A,1,FALSE),"None") = "None", "None","Yes") -> Yes | D34: =IF(AND(B34="No COI",C34="Yes"),"Double check","OK") -> OK | G34: Tc | H34: =G34 -> Tc | I34: TC09 | J34: TC09 | K34: Y2 | L34: HN00122531 | M34: MAS-Tc-3_1.fastq.gz | N34: MAS-Tc-3_2.fastq.gz | O34: Masinloc | P34: Zambales | Q34: 15.529867 | R34: 119.92482
A35: MAS-Tc-4 | B35: =_xlfn.IFNA(VLOOKUP(I35,WithCOI!A:B,2,FALSE),"No COI") -> With COI | C35: =IF(_xlfn.IFNA(VLOOKUP(I35,WithITS2!A:A,1,FALSE),"None") = "None", "None","Yes") -> Yes | D35: =IF(AND(B35="No COI",C35="Yes"),"Double check","OK") -> OK | G35: Tc | H35: =G35 -> Tc | I35: TC10 | J35: TC10 | K35: Y2 | L35: HN00122531 | M35: MAS-Tc-4_1.fastq.gz | N35: MAS-Tc-4_2.fastq.gz | O35: Masinloc | P35: Zambales | Q35: 15.529867 | R35: 119.92482
A36: MAS-Tm-1 | B36: =_xlfn.IFNA(VLOOKUP(I36,WithCOI!A:B,2,FALSE),"No COI") -> With COI | C36: =IF(_xlfn.IFNA(VLOOKUP(I36,WithITS2!A:A,1,FALSE),"None") = "None", "None","Yes") -> Yes | D36: =IF(AND(B36="No COI",C36="Yes"),"Double check","OK") -> OK | G36: Tc | H36: =G36 -> Tc | I36: TC11 | J36: TC11 | K36: Y2 | L36: HN00122531 | M36: MAS-Tm-1_1.fastq.gz | N36: MAS-Tm-1_2.fastq.gz | O36: Masinloc | P36: Zambales | Q36: 15.529867 | R36: 119.92482
A37: MAS-Tm-2 | B37: =_xlfn.IFNA(VLOOKUP(I37,WithCOI!A:B,2,FALSE),"No COI") -> With COI | C37: =IF(_xlfn.IFNA(VLOOKUP(I37,WithITS2!A:A,1,FALSE),"None") = "None", "None","Yes") -> Yes | D37: =IF(AND(B37="No COI",C37="Yes"),"Double check","OK") -> OK | G37: Tc | H37: =G37 -> Tc | I37: TC12 | J37: TC12 | K37: Y2 | L37: HN00122531 | M37: MAS-Tm-2_1.fastq.gz | N37: MAS-Tm-2_2.fastq.gz | O37: Masinloc | P37: Zambales | Q37: 15.529867 | R37: 119.92482
... A72: SIL_Td_3 | B72: =_xlfn.IFNA(VLOOKUP(I72,WithCOI!A:B,2,FALSE),"No COI") -> With COI | C72: =IF(_xlfn.IFNA(VLOOKUP(I72,WithITS2!A:A,1,FALSE),"None") = "None", "None","Yes") -> Yes | D72: =IF(AND(B72="No COI",C72="Yes"),"Double check","OK") -> OK | G72: Td | H72: =G72 -> Td | I72: TD18 | J72: TD18 | K72: Y3 | L72: HN00147512 | M72: SIL_Td_3_1.fastq.gz | N72: SIL_Td_3_2.fastq.gz | O72: Silaqui | P72: Bolinao | Q72: 16.444117 | R72: 119.92153
A73: ALAMINOS-Tg-2 | B73: =_xlfn.IFNA(VLOOKUP(I73,WithCOI!A:B,2,FALSE),"No COI") -> No COI | C73: =IF(_xlfn.IFNA(VLOOKUP(I73,WithITS2!A:A,1,FALSE),"None") = "None", "None","Yes") -> None | D73: =IF(AND(B73="No COI",C73="Yes"),"Double check","OK") -> OK | G73: Tg | H73: =G73 -> Tg | I73: TG01 | J73: TG01 | K73: Y1 | L73: HN00102818 | M73: ALAMINOS-Tg-2_1.fastq.gz | N73: ALAMINOS-Tg-2_2.fastq.gz | O73: HINP | P73: Alaminos | Q73: 16.221833 | R73: 120.04842 | S73: 80 | T73: 23 | U73: 1995 | V73: 1998 | W73: 20 | X73: 3 | Y73: HINP
A74: ALAMINOS-Tg-3 | B74: =_xlfn.IFNA(VLOOKUP(I74,WithCOI!A:B,2,FALSE),"No COI") -> No COI | C74: =IF(_xlfn.IFNA(VLOOKUP(I74,WithITS2!A:A,1,FALSE),"None") = "None", "None","Yes") -> None | D74: =IF(AND(B74="No COI",C74="Yes"),"Double check","OK") -> OK | G74: Tg | H74: =G74 -> Tg | I74: TG02 | J74: TG02 | K74: Y1 | L74: HN00102818 | M74: ALAMINOS-Tg-3_1.fastq.gz | N74: ALAMINOS-Tg-3_2.fastq.gz | O74: HINP | P74: Alaminos | Q74: 16.221833 | R74: 120.04842 | S74: 71 | T74: 23 | U74: 1995 | V74: 1998 | W74: 20 | X74: 3 | Y74: HINP
A75: ALAMINOS-Tg-5 | B75: =_xlfn.IFNA(VLOOKUP(I75,WithCOI!A:B,2,FALSE),"No COI") -> No COI | C75: =IF(_xlfn.IFNA(VLOOKUP(I75,WithITS2!A:A,1,FALSE),"None") = "None", "None","Yes") -> None | D75: =IF(AND(B75="No COI",C75="Yes"),"Double check","OK") -> OK | G75: Tg | H75: =G75 -> Tg | I75: TG03 | J75: TG03 | K75: Y1 | L75: HN00102818 | M75: ALAMINOS-Tg-5_1.fastq.gz | N75: ALAMINOS-Tg-5_2.fastq.gz | O75: HINP | P75: Alaminos | Q75: 16.221833 | R75: 120.04842 | S75: 90 | T75: 23 | U75: 1995 | V75: 1998 | W75: 20 | X75: 3 | Y75: HINP
A76: ALAMINOS-Tg-6 | B76: =_xlfn.IFNA(VLOOKUP(I76,WithCOI!A:B,2,FALSE),"No COI") -> No COI | C76: =IF(_xlfn.IFNA(VLOOKUP(I76,WithITS2!A:A,1,FALSE),"None") = "None", "None","Yes") -> None | D76: =IF(AND(B76="No COI",C76="Yes"),"Double check","OK") -> OK | G76: Tg | H76: =G76 -> Tg | I76: TG04 | J76: TG04 | K76: Y1 | L76: HN00102818 | M76: ALAMINOS-Tg-6_1.fastq.gz | N76: ALAMINOS-Tg-6_2.fastq.gz | O76: HINP | P76: Alaminos | Q76: 16.221833 | R76: 120.04842 | S76: 71 | T76: 23 | U76: 1995 | V76: 1998 | W76: 20 | X76: 3 | Y76: HINP
A77: MABINI-Tg-1 | B77: =_xlfn.IFNA(VLOOKUP(I77,WithCOI!A:B,2,FALSE),"No COI") -> No COI | C77: =IF(_xlfn.IFNA(VLOOKUP(I77,WithITS2!A:A,1,FALSE),"None") = "None", "None","Yes") -> None | D77: =IF(AND(B77="No COI",C77="Yes"),"Double check","OK") -> OK | G77: Tg | H77: =G77 -> Tg | I77: TG05 | J77: TG05 | K77: Y1 | L77: HN00102818 | M77: MABINI-Tg-1_1.fastq.gz | N77: MABINI-Tg-1_2.fastq.gz | O77: Mabini | P77: Batangas | Q77: 13.68765 | R77: 120.8898 | S77: 64 | T77: 28 | U77: 1990 | V77: 1996 | W77: 22 | X77: 6 | Y77: Twin Rocks
A78: MABINI-Tg-4 | B78: =_xlfn.IFNA(VLOOKUP(I78,WithCOI!A:B,2,FALSE),"No COI") -> No COI | C78: =IF(_xlfn.IFNA(VLOOKUP(I78,WithITS2!A:A,1,FALSE),"None") = "None", "None","Yes") -> None | D78: =IF(AND(B78="No COI",C78="Yes"),"Double check","OK") -> OK | G78: Tg | H78: =G78 -> Tg | I78: TG06 | J78: TG06 | K78: Y1 | L78: HN00102818 | M78: MABINI-Tg-4_1.fastq.gz | N78: MABINI-Tg-4_2.fastq.gz | O78: Mabini | P78: Batangas | Q78: 13.68765 | R78: 120.8898 | S78: 71 | T78: 28 | U78: 1990 | V78: 1996 | W78: 22 | X78: 6 | Y78: Twin Rocks
A79: MABINI-Tg-5 | B79: =_xlfn.IFNA(VLOOKUP(I79,WithCOI!A:B,2,FALSE),"No COI") -> No COI | C79: =IF(_xlfn.IFNA(VLOOKUP(I79,WithITS2!A:A,1,FALSE),"None") = "None", "None","Yes") -> None | D79: =IF(AND(B79="No COI",C79="Yes"),"Double check","OK") -> OK | G79: Tg | H79: =G79 -> Tg | I79: TG07 | J79: TG07 | K79: Y1 | L79: HN00102818 | M79: MABINI-Tg-5_1.fastq.gz | N79: MABINI-Tg-5_2.fastq.gz | O79: Mabini | P79: Batangas | Q79: 13.68765 | R79: 120.8898 | S79: 89 | T79: 28 | U79: 1990 | V79: 1996 | W79: 22 | X79: 6 | Y79: Twin Rocks
A80: MASINLOC-Tg-2 | B80: =_xlfn.IFNA(VLOOKUP(I80,WithCOI!A:B,2,FALSE),"No COI") -> No COI | C80: =IF(_xlfn.IFNA(VLOOKUP(I80,WithITS2!A:A,1,FALSE),"None") = "None", "None","Yes") -> None | D80: =IF(AND(B80="No COI",C80="Yes"),"Double check","OK") -> OK | G80: Tg | H80: =G80 -> Tg | I80: TG08 | J80: TG08 | K80: Y1 | L80: HN00102818 | M80: MASINLOC-Tg-2_1.fastq.gz | N80: MASINLOC-Tg-2_2.fastq.gz | O80: Masinloc | P80: Zambales | Q80: 15.529867 | R80: 119.92482 | S80: 61 | T80: 16 | U80: 2002 | V80: 2007 | W80: 11 | X80: 5 | Y80: Zambales, Masinloc, San Salvador Island, Libaba
A81: MASINLOC-Tg-3 | B81: =_xlfn.IFNA(VLOOKUP(I81,WithCOI!A:B,2,FALSE),"No COI") -> No COI | C81: =IF(_xlfn.IFNA(VLOOKUP(I81,WithITS2!A:A,1,FALSE),"None") = "None", "None","Yes") -> None | D81: =IF(AND(B81="No COI",C81="Yes"),"Double check","OK") -> OK | G81: Tg | H81: =G81 -> Tg | I81: TG09 | J81: TG09 | K81: Y1 | L81: HN00102818 | M81: MASINLOC-Tg-3_1.fastq.gz | N81: MASINLOC-Tg-3_2.fastq.gz | O81: Masinloc | P81: Zambales | Q81: 15.529867 | R81: 119.92482 | S81: 65 | T81: 16 | U81: 2002 | V81: 2007 | W81: 11 | X81: 5 | Y81: Zambales, Masinloc, San Salvador Island, Libaba
A82: MASINLOC-Tg-4 | B82: =_xlfn.IFNA(VLOOKUP(I82,WithCOI!A:B,2,FALSE),"No COI") -> No COI | C82: =IF(_xlfn.IFNA(VLOOKUP(I82,WithITS2!A:A,1,FALSE),"None") = "None", "None","Yes") -> None | D82: =IF(AND(B82="No COI",C82="Yes"),"Double check","OK") -> OK | G82: Tg | H82: =G82 -> Tg | I82: TG10 | J82: TG10 | K82: Y1 | L82: HN00102818 | M82: MASINLOC-Tg-4_1.fastq.gz | N82: MASINLOC-Tg-4_2.fastq.gz | O82: Masinloc | P82: Zambales | Q82: 15.529867 | R82: 119.92482 | S82: 69 | T82: 16 | U82: 2002 | V82: 2007 | W82: 11 | X82: 5 | Y82: Zambales, Masinloc, San Salvador Island, Libaba
A83: SEMIRARA-Tg-10 | B83: =_xlfn.IFNA(VLOOKUP(I83,WithCOI!A:B,2,FALSE),"No COI") -> No COI | C83: =IF(_xlfn.IFNA(VLOOKUP(I83,WithITS2!A:A,1,FALSE),"None") = "None", "None","Yes") -> None | D83: =IF(AND(B83="No COI",C83="Yes"),"Double check","OK") -> OK | G83: Tg | H83: =G83 -> Tg | I83: TG11 | J83: TG11 | K83: Y1 | L83: HN00102818 | M83: SEMIRARA-Tg-10_1.fastq.gz | N83: SEMIRARA-Tg-10_2.fastq.gz | O83: Semirara | P83: Antique | Q83: 12.087081 | R83: 121.34602 | S83: 68 | T83: 16 | U83: 2002 | V83: 2009 | W83: 9 | X83: 7 | Y83: Antique - Semirara Island - west
A84: SEMIRARA-Tg-7 | B84: =_xlfn.IFNA(VLOOKUP(I84,WithCOI!A:B,2,FALSE),"No COI") -> No COI | C84: =IF(_xlfn.IFNA(VLOOKUP(I84,WithITS2!A:A,1,FALSE),"None") = "None", "None","Yes") -> None | D84: =IF(AND(B84="No COI",C84="Yes"),"Double check","OK") -> OK | G84: Tg | H84: =G84 -> Tg | I84: TG12 | J84: TG12 | K84: Y1 | L84: HN00102818 | M84: SEMIRARA-Tg-7_1.fastq.gz | N84: SEMIRARA-Tg-7_2.fastq.gz | O84: Semirara | P84: Antique | Q84: 12.087081 | R84: 121.34602 | S84: 58 | T84: 16 | U84: 2002 | V84: 2009 | W84: 9 | X84: 7 | Y84: Antique - Semirara Island - west
A85: SEMIRARA-Tg-9 | B85: =_xlfn.IFNA(VLOOKUP(I85,WithCOI!A:B,2,FALSE),"No COI") -> No COI | C85: =IF(_xlfn.IFNA(VLOOKUP(I85,WithITS2!A:A,1,FALSE),"None") = "None", "None","Yes") -> None | D85: =IF(AND(B85="No COI",C85="Yes"),"Double check","OK") -> OK | G85: Tg | H85: =G85 -> Tg | I85: TG13 | J85: TG13 | K85: Y1 | L85: HN00102818 | M85: SEMIRARA-Tg-9_1.fastq.gz | N85: SEMIRARA-Tg-9_2.fastq.gz | O85: Semirara | P85: Antique | Q85: 12.087081 | R85: 121.34602 | S85: 69 | T85: 16 | U85: 2002 | V85: 2009 | W85: 9 | X85: 7 | Y85: Antique - Semirara Island - west
A86: SILAQUI-Tg-1 | B86: =_xlfn.IFNA(VLOOKUP(I86,WithCOI!A:B,2,FALSE),"No COI") -> No COI | C86: =IF(_xlfn.IFNA(VLOOKUP(I86,WithITS2!A:A,1,FALSE),"None") = "None", "None","Yes") -> None | D86: =IF(AND(B86="No COI",C86="Yes"),"Double check","OK") -> OK | G86: Tg | H86: =G86 -> Tg | I86: TG14 | J86: TG14 | K86: Y1 | L86: HN00102818 | M86: SILAQUI-Tg-1_1.fastq.gz | N86: SILAQUI-Tg-1_2.fastq.gz | O86: Silaqui | P86: Bolinao | Q86: 16.444117 | R86: 119.92153 | S86: 48 | T86: 9 | U86: 2009 | V86: Origin | W86: 0 | X86: 9
A87: SILAQUI-Tg-4 | B87: =_xlfn.IFNA(VLOOKUP(I87,WithCOI!A:B,2,FALSE),"No COI") -> No COI | C87: =IF(_xlfn.IFNA(VLOOKUP(I87,WithITS2!A:A,1,FALSE),"None") = "None", "None","Yes") -> None | D87: =IF(AND(B87="No COI",C87="Yes"),"Double check","OK") -> OK | G87: Tg | H87: =G87 -> Tg | I87: TG15 | J87: TG15 | K87: Y1 | L87: HN00102818 | M87: SILAQUI-Tg-4_1.fastq.gz | N87: SILAQUI-Tg-4_2.fastq.gz | O87: Silaqui | P87: Bolinao | Q87: 16.444117 | R87: 119.92153 | S87: 49 | T87: 9 | U87: 2009 | V87: Origin | W87: 0 | X87: 9
A88: SILAQUI-Tg-5 | B88: =_xlfn.IFNA(VLOOKUP(I88,WithCOI!A:B,2,FALSE),"No COI") -> No COI | C88: =IF(_xlfn.IFNA(VLOOKUP(I88,WithITS2!A:A,1,FALSE),"None") = "None", "None","Yes") -> None | D88: =IF(AND(B88="No COI",C88="Yes"),"Double check","OK") -> OK | G88: Tg | H88: =G88 -> Tg | I88: TG16 | J88: TG16 | K88: Y1 | L88: HN00102818 | M88: SILAQUI-Tg-5_1.fastq.gz | N88: SILAQUI-Tg-5_2.fastq.gz | O88: Silaqui | P88: Bolinao | Q88: 16.444117 | R88: 119.92153 | S88: 44 | T88: 9 | U88: 2009 | V88: Origin | W88: 0 | X88: 9
A89: Tg-1998-1 | B89: =_xlfn.IFNA(VLOOKUP(I89,WithCOI!A:B,2,FALSE),"No COI") -> No COI | C89: =IF(_xlfn.IFNA(VLOOKUP(I89,WithITS2!A:A,1,FALSE),"None") = "None", "None","Yes") -> None | D89: =IF(AND(B89="No COI",C89="Yes"),"Double check","OK") -> OK | G89: Tg | H89: =G89 -> Tg | I89: TG17 | J89: TG17 | K89: Y1 | L89: HN00102818 | M89: Tg-1998-1_1.fastq.gz | N89: Tg-1998-1_2.fastq.gz | O89: Silaqui | P89: Bolinao | Q89: 16.444117 | R89: 119.92153 | S89: 68 | T89: 20 | U89: 1998 | V89: Origin | W89: 0 | X89: 20
A90: Tg-1998-2 | B90: =_xlfn.IFNA(VLOOKUP(I90,WithCOI!A:B,2,FALSE),"No COI") -> No COI | C90: =IF(_xlfn.IFNA(VLOOKUP(I90,WithITS2!A:A,1,FALSE),"None") = "None", "None","Yes") -> None | D90: =IF(AND(B90="No COI",C90="Yes"),"Double check","OK") -> OK | G90: Tg | H90: =G90 -> Tg | I90: TG18 | J90: TG18 | K90: Y1 | L90: HN00102818 | M90: Tg-1998-2_1.fastq.gz | N90: Tg-1998-2_2.fastq.gz | O90: Silaqui | P90: Bolinao | Q90: 16.444117 | R90: 119.92153 | S90: 69 | T90: 20 | U90: 1998 | V90: Origin | W90: 0 | X90: 20
A91: Tg-1998-5 | B91: =_xlfn.IFNA(VLOOKUP(I91,WithCOI!A:B,2,FALSE),"No COI") -> No COI | C91: =IF(_xlfn.IFNA(VLOOKUP(I91,WithITS2!A:A,1,FALSE),"None") = "None", "None","Yes") -> None | D91: =IF(AND(B91="No COI",C91="Yes"),"Double check","OK") -> OK | G91: Tg | H91: =G91 -> Tg | I91: TG19 | J91: TG19 | K91: Y1 | L91: HN00102818 | M91: Tg-1998-5_1.fastq.gz | N91: Tg-1998-5_2.fastq.gz | O91: Silaqui | P91: Bolinao | Q91: 16.444117 | R91: 119.92153 | S91: 72 | T91: 20 | U91: 1998 | V91: Origin | W91: 0 | X91: 20
A92: Tg-1yr-1 | B92: =_xlfn.IFNA(VLOOKUP(I92,WithCOI!A:B,2,FALSE),"No COI") -> No COI | C92: =IF(_xlfn.IFNA(VLOOKUP(I92,WithITS2!A:A,1,FALSE),"None") = "None", "None","Yes") -> None | D92: =IF(AND(B92="No COI",C92="Yes"),"Double check","OK") -> OK | G92: Tg | H92: =G92 -> Tg | I92: TG20 | J92: TG20 | K92: Y1 | L92: HN00102818 | M92: Tg-1yr-1_1.fastq.gz | N92: Tg-1yr-1_2.fastq.gz | O92: Silaqui | P92: Bolinao | Q92: 16.444117 | R92: 119.92153 | S92: 9 | T92: 1 | U92: 2017 | V92: Origin | W92: 0 | X92: 1
A93: Tg-1yr-2 | B93: =_xlfn.IFNA(VLOOKUP(I93,WithCOI!A:B,2,FALSE),"No COI") -> No COI | C93: =IF(_xlfn.IFNA(VLOOKUP(I93,WithITS2!A:A,1,FALSE),"None") = "None", "None","Yes") -> None | D93: =IF(AND(B93="No COI",C93="Yes"),"Double check","OK") -> OK | G93: Tg | H93: =G93 -> Tg | I93: TG21 | J93: TG21 | K93: Y1 | L93: HN00102818 | M93: Tg-1yr-2_1.fastq.gz | N93: Tg-1yr-2_2.fastq.gz | O93: Silaqui | P93: Bolinao | Q93: 16.444117 | R93: 119.92153 | S93: 10 | T93: 1 | U93: 2017 | V93: Origin | W93: 0 | X93: 1
A94: Tg-1yr-3 | B94: =_xlfn.IFNA(VLOOKUP(I94,WithCOI!A:B,2,FALSE),"No COI") -> No COI | C94: =IF(_xlfn.IFNA(VLOOKUP(I94,WithITS2!A:A,1,FALSE),"None") = "None", "None","Yes") -> None | D94: =IF(AND(B94="No COI",C94="Yes"),"Double check","OK") -> OK | G94: Tg | H94: =G94 -> Tg | I94: TG22 | J94: TG22 | K94: Y1 | L94: HN00102818 | M94: Tg-1yr-3_1.fastq.gz | N94: Tg-1yr-3_2.fastq.gz | O94: Silaqui | P94: Bolinao | Q94: 16.444117 | R94: 119.92153 | S94: 12 | T94: 1 | U94: 2017 | V94: Origin | W94: 0 | X94: 1
A95: Tg-2000-1 | B95: =_xlfn.IFNA(VLOOKUP(I95,WithCOI!A:B,2,FALSE),"No COI") -> No COI | C95: =IF(_xlfn.IFNA(VLOOKUP(I95,WithITS2!A:A,1,FALSE),"None") = "None", "None","Yes") -> None | D95: =IF(AND(B95="No COI",C95="Yes"),"Double check","OK") -> OK | G95: Tg | H95: =G95 -> Tg | I95: TG23 | J95: TG23 | K95: Y1 | L95: HN00102818 | M95: Tg-2000-1_1.fastq.gz | N95: Tg-2000-1_2.fastq.gz | O95: Silaqui | P95: Bolinao | Q95: 16.444117 | R95: 119.92153 | S95: 69 | T95: 18 | U95: 2000 | V95: Origin | W95: 0 | X95: 18
A96: Tg-2000-2 | B96: =_xlfn.IFNA(VLOOKUP(I96,WithCOI!A:B,2,FALSE),"No COI") -> No COI | C96: =IF(_xlfn.IFNA(VLOOKUP(I96,WithITS2!A:A,1,FALSE),"None") = "None", "None","Yes") -> None | D96: =IF(AND(B96="No COI",C96="Yes"),"Double check","OK") -> OK | G96: Tg | H96: =G96 -> Tg | I96: TG24 | J96: TG24 | K96: Y1 | L96: HN00102818 | M96: Tg-2000-2_1.fastq.gz | N96: Tg-2000-2_2.fastq.gz | O96: Silaqui | P96: Bolinao | Q96: 16.444117 | R96: 119.92153 | S96: 65 | T96: 18 | U96: 2000 | V96: Origin | W96: 0 | X96: 18
A97: Tg-2000-3 | B97: =_xlfn.IFNA(VLOOKUP(I97,WithCOI!A:B,2,FALSE),"No COI") -> No COI | C97: =IF(_xlfn.IFNA(VLOOKUP(I97,WithITS2!A:A,1,FALSE),"None") = "None", "None","Yes") -> None | D97: =IF(AND(B97="No COI",C97="Yes"),"Double check","OK") -> OK | G97: Tg | H97: =G97 -> Tg | I97: TG25 | J97: TG25 | K97: Y1 | L97: HN00102818 | M97: Tg-2000-3_1.fastq.gz | N97: Tg-2000-3_2.fastq.gz | O97: Silaqui | P97: Bolinao | Q97: 16.444117 | R97: 119.92153 | S97: 70 | T97: 18 | U97: 2000 | V97: Origin | W97: 0 | X97: 18
... A106: Tg-3yr-3 | B106: =_xlfn.IFNA(VLOOKUP(I106,WithCOI!A:B,2,FALSE),"No COI") -> No COI | C106: =IF(_xlfn.IFNA(VLOOKUP(I106,WithITS2!A:A,1,FALSE),"None") = "None", "None","Yes") -> None | D106: =IF(AND(B106="No COI",C106="Yes"),"Double check","OK") -> OK | G106: Tg | H106: =G106 -> Tg | I106: TG34 | J106: TG34 | K106: Y1 | L106: HN00102818 | M106: Tg-3yr-3_1.fastq.gz | N106: Tg-3yr-3_2.fastq.gz | O106: Silaqui | P106: Bolinao | Q106: 16.444117 | R106: 119.92153 | S106: 32 | T106: 3 | U106: 2015 | V106: Origin | W106: 0 | X106: 3
A107: ALA-Tg-3 | B107: =_xlfn.IFNA(VLOOKUP(I107,WithCOI!A:B,2,FALSE),"No COI") -> With COI | C107: =IF(_xlfn.IFNA(VLOOKUP(I107,WithITS2!A:A,1,FALSE),"None") = "None", "None","Yes") -> Yes | D107: =IF(AND(B107="No COI",C107="Yes"),"Double check","OK") -> OK | G107: Tg | H107: =G107 -> Tg | I107: TG35 | J107: TG35 | K107: Y2 | L107: HN00122531 | M107: ALA-Tg-3_1.fastq.gz | N107: ALA-Tg-3_2.fastq.gz | O107: HINP | P107: Alaminos | Q107: 16.221833 | R107: 120.04842 | S107: 71 | T107: 23 | U107: 1995 | V107: 1998 | W107: 20 | X107: 3 | Y107: HINP
A108: ALA-Tg-4 | B108: =_xlfn.IFNA(VLOOKUP(I108,WithCOI!A:B,2,FALSE),"No COI") -> With COI | C108: =IF(_xlfn.IFNA(VLOOKUP(I108,WithITS2!A:A,1,FALSE),"None") = "None", "None","Yes") -> Yes | D108: =IF(AND(B108="No COI",C108="Yes"),"Double check","OK") -> OK | G108: Tg | H108: =G108 -> Tg | I108: TG36 | J108: TG36 | K108: Y2 | L108: HN00122531 | M108: ALA-Tg-4_1.fastq.gz | N108: ALA-Tg-4_2.fastq.gz | O108: HINP | P108: Alaminos | Q108: 16.221833 | R108: 120.04842 | S108: 81 | T108: 23 | U108: 1995 | V108: 1998 | W108: 20 | X108: 3 | Y108: HINP
A109: ALA-Tg-5 | B109: =_xlfn.IFNA(VLOOKUP(I109,WithCOI!A:B,2,FALSE),"No COI") -> With COI | C109: =IF(_xlfn.IFNA(VLOOKUP(I109,WithITS2!A:A,1,FALSE),"None") = "None", "None","Yes") -> Yes | D109: =IF(AND(B109="No COI",C109="Yes"),"Double check","OK") -> OK | G109: Tg | H109: =G109 -> Tg | I109: TG37 | J109: TG37 | K109: Y2 | L109: HN00122531 | M109: ALA-Tg-5_1.fastq.gz | N109: ALA-Tg-5_2.fastq.gz | O109: HINP | P109: Alaminos | Q109: 16.221833 | R109: 120.04842 | S109: 90 | T109: 23 | U109: 1995 | V109: 1998 | W109: 20 | X109: 3 | Y109: HINP
A110: BAU-Tg-1 | B110: =_xlfn.IFNA(VLOOKUP(I110,WithCOI!A:B,2,FALSE),"No COI") -> With COI | C110: =IF(_xlfn.IFNA(VLOOKUP(I110,WithITS2!A:A,1,FALSE),"None") = "None", "None","Yes") -> Yes | D110: =IF(AND(B110="No COI",C110="Yes"),"Double check","OK") -> OK | G110: Tg | H110: =G110 -> Tg | I110: TG38 | J110: TG38 | K110: Y2 | L110: HN00122531 | M110: BAU-Tg-1_1.fastq.gz | N110: BAU-Tg-1_2.fastq.gz | O110: Bauan | P110: Batangas | Q110: 13.803083 | R110: 120.91178 | S110: 52 | T110: 23 | U110: 1995 | V110: 1996 | W110: 22 | X110: 1 | Y110: Dive and Trek
A111: BAU-Tg-2 | B111: =_xlfn.IFNA(VLOOKUP(I111,WithCOI!A:B,2,FALSE),"No COI") -> With COI | C111: =IF(_xlfn.IFNA(VLOOKUP(I111,WithITS2!A:A,1,FALSE),"None") = "None", "None","Yes") -> Yes | D111: =IF(AND(B111="No COI",C111="Yes"),"Double check","OK") -> OK | G111: Tg | H111: =G111 -> Tg | I111: TG39 | J111: TG39 | K111: Y2 | L111: HN00122531 | M111: BAU-Tg-2_1.fastq.gz | N111: BAU-Tg-2_2.fastq.gz | O111: Bauan | P111: Batangas | Q111: 13.803083 | R111: 120.91178 | S111: 76 | T111: 23 | U111: 1995 | V111: 1996 | W111: 22 | X111: 1 | Y111: Dive and Trek
A112: BAU-Tg-3 | B112: =_xlfn.IFNA(VLOOKUP(I112,WithCOI!A:B,2,FALSE),"No COI") -> With COI | C112: =IF(_xlfn.IFNA(VLOOKUP(I112,WithITS2!A:A,1,FALSE),"None") = "None", "None","Yes") -> Yes | D112: =IF(AND(B112="No COI",C112="Yes"),"Double check","OK") -> OK | G112: Tg | H112: =G112 -> Tg | I112: TG40 | J112: TG40 | K112: Y2 | L112: HN00122531 | M112: BAU-Tg-3_1.fastq.gz | N112: BAU-Tg-3_2.fastq.gz | O112: Bauan | P112: Batangas | Q112: 13.803083 | R112: 120.91178 | S112: 51 | T112: 23 | U112: 1995 | V112: 1996 | W112: 22 | X112: 1 | Y112: Dive and Trek
A113: MAB-Tg-1 | B113: =_xlfn.IFNA(VLOOKUP(I113,WithCOI!A:B,2,FALSE),"No COI") -> No COI | C113: =IF(_xlfn.IFNA(VLOOKUP(I113,WithITS2!A:A,1,FALSE),"None") = "None", "None","Yes") -> None | D113: =IF(AND(B113="No COI",C113="Yes"),"Double check","OK") -> OK | G113: Tg | H113: =G113 -> Tg | I113: TG41 | J113: TG41 | K113: Y2 | L113: HN00122531 | M113: MAB-Tg-1_1.fastq.gz | N113: MAB-Tg-1_2.fastq.gz | O113: Mabini | P113: Batangas | Q113: 13.68765 | R113: 120.8898 | S113: 64 | T113: 28 | U113: 1990 | V113: 1996 | W113: 22 | X113: 6 | Y113: Twin Rocks
A114: MAB-Tg-3 | B114: =_xlfn.IFNA(VLOOKUP(I114,WithCOI!A:B,2,FALSE),"No COI") -> With COI | C114: =IF(_xlfn.IFNA(VLOOKUP(I114,WithITS2!A:A,1,FALSE),"None") = "None", "None","Yes") -> Yes | D114: =IF(AND(B114="No COI",C114="Yes"),"Double check","OK") -> OK | G114: Tg | H114: =G114 -> Tg | I114: TG42 | J114: TG42 | K114: Y2 | L114: HN00122531 | M114: MAB-Tg-3_1.fastq.gz | N114: MAB-Tg-3_2.fastq.gz | O114: Mabini | P114: Batangas | Q114: 13.68765 | R114: 120.8898 | S114: 71 | T114: 28 | U114: 1990 | V114: 1996 | W114: 22 | X114: 6 | Y114: Twin Rocks
A115: MAB-Tg-4 | B115: =_xlfn.IFNA(VLOOKUP(I115,WithCOI!A:B,2,FALSE),"No COI") -> With COI | C115: =IF(_xlfn.IFNA(VLOOKUP(I115,WithITS2!A:A,1,FALSE),"None") = "None", "None","Yes") -> Yes | D115: =IF(AND(B115="No COI",C115="Yes"),"Double check","OK") -> OK | G115: Tg | H115: =G115 -> Tg | I115: TG43 | J115: TG43 | K115: Y2 | L115: HN00122531 | M115: MAB-Tg-4_1.fastq.gz | N115: MAB-Tg-4_2.fastq.gz | O115: Mabini | P115: Batangas | Q115: 13.68765 | R115: 120.8898 | S115: 89 | T115: 28 | U115: 1990 | V115: 1996 | W115: 22 | X115: 6 | Y115: Twin Rocks
A116: MAS-Tg-1 | B116: =_xlfn.IFNA(VLOOKUP(I116,WithCOI!A:B,2,FALSE),"No COI") -> With COI | C116: =IF(_xlfn.IFNA(VLOOKUP(I116,WithITS2!A:A,1,FALSE),"None") = "None", "None","Yes") -> Yes | D116: =IF(AND(B116="No COI",C116="Yes"),"Double check","OK") -> OK | G116: Tg | H116: =G116 -> Tg | I116: TG44 | J116: TG44 | K116: Y2 | L116: HN00122531 | M116: MAS-Tg-1_1.fastq.gz | N116: MAS-Tg-1_2.fastq.gz | O116: Masinloc | P116: Zambales | Q116: 15.529867 | R116: 119.92482 | S116: 55 | T116: 20 | U116: 1998 | V116: 2002 | W116: 16 | X116: 4 | Y116: Zambales, Masinloc, San Salvador Island, Libaba | Z116: Pew
A117: MAS-Tg-4 | B117: =_xlfn.IFNA(VLOOKUP(I117,WithCOI!A:B,2,FALSE),"No COI") -> With COI | C117: =IF(_xlfn.IFNA(VLOOKUP(I117,WithITS2!A:A,1,FALSE),"None") = "None", "None","Yes") -> Yes | D117: =IF(AND(B117="No COI",C117="Yes"),"Double check","OK") -> OK | G117: Tg | H117: =G117 -> Tg | I117: TG45 | J117: TG45 | K117: Y2 | L117: HN00122531 | M117: MAS-Tg-4_1.fastq.gz | N117: MAS-Tg-4_2.fastq.gz | O117: Masinloc | P117: Zambales | Q117: 15.529867 | R117: 119.92482 | S117: 69 | T117: 20 | U117: 1998 | V117: 2002 | W117: 16 | X117: 4 | Y117: Zambales, Masinloc, San Salvador Island, Libaba | Z117: Pew
A118: MAS-Tg-5 | B118: =_xlfn.IFNA(VLOOKUP(I118,WithCOI!A:B,2,FALSE),"No COI") -> With COI | C118: =IF(_xlfn.IFNA(VLOOKUP(I118,WithITS2!A:A,1,FALSE),"None") = "None", "None","Yes") -> Yes | D118: =IF(AND(B118="No COI",C118="Yes"),"Double check","OK") -> OK | G118: Tg | H118: =G118 -> Tg | I118: TG46 | J118: TG46 | K118: Y2 | L118: HN00122531 | M118: MAS-Tg-5_1.fastq.gz | N118: MAS-Tg-5_2.fastq.gz | O118: Masinloc | P118: Zambales | Q118: 15.529867 | R118: 119.92482 | S118: 67 | T118: 20 | U118: 1998 | V118: 2002 | W118: 16 | X118: 4 | Y118: Zambales, Masinloc, San Salvador Island, Libaba | Z118: Pew
A119: PAL-Tg-2 | B119: =_xlfn.IFNA(VLOOKUP(I119,WithCOI!A:B,2,FALSE),"No COI") -> With COI | C119: =IF(_xlfn.IFNA(VLOOKUP(I119,WithITS2!A:A,1,FALSE),"None") = "None", "None","Yes") -> Yes | D119: =IF(AND(B119="No COI",C119="Yes"),"Double check","OK") -> OK | G119: Tg | H119: =G119 -> Tg | I119: TG47 | J119: TG47 | K119: Y2 | L119: HN00122531 | M119: PAL-Tg-2_1.fastq.gz | N119: PAL-Tg-2_2.fastq.gz | O119: Palawan | P119: Palawan | Q119: 9.9142053 | R119: 118.87721 | S119: 73 | T119: 16 | U119: 2002 | V119: 2007 | W119: 11 | X119: 5 | Y119: Puerto Princesa, Palawan
A120: PAL-Tg-3 | B120: =_xlfn.IFNA(VLOOKUP(I120,WithCOI!A:B,2,FALSE),"No COI") -> With COI | C120: =IF(_xlfn.IFNA(VLOOKUP(I120,WithITS2!A:A,1,FALSE),"None") = "None", "None","Yes") -> Yes | D120: =IF(AND(B120="No COI",C120="Yes"),"Double check","OK") -> OK | G120: Tg | H120: =G120 -> Tg | I120: TG48 | J120: TG48 | K120: Y2 | L120: HN00122531 | M120: PAL-Tg-3_1.fastq.gz | N120: PAL-Tg-3_2.fastq.gz | O120: Palawan | P120: Palawan | Q120: 9.9142053 | R120: 118.87721 | S120: 93 | T120: 16 | U120: 2002 | V120: 2007 | W120: 11 | X120: 5 | Y120: Puerto Princesa, Palawan
A121: PAL-Tg-4 | B121: =_xlfn.IFNA(VLOOKUP(I121,WithCOI!A:B,2,FALSE),"No COI") -> With COI | C121: =IF(_xlfn.IFNA(VLOOKUP(I121,WithITS2!A:A,1,FALSE),"None") = "None", "None","Yes") -> Yes | D121: =IF(AND(B121="No COI",C121="Yes"),"Double check","OK") -> OK | G121: Tg | H121: =G121 -> Tg | I121: TG49 | J121: TG49 | K121: Y2 | L121: HN00122531 | M121: PAL-Tg-4_1.fastq.gz | N121: PAL-Tg-4_2.fastq.gz | O121: Palawan | P121: Palawan | Q121: 9.9142053 | R121: 118.87721 | S121: 78 | T121: 16 | U121: 2002 | V121: 2007 | W121: 11 | X121: 5 | Y121: Puerto Princesa, Palawan
A122: SEM-Tg-10 | B122: =_xlfn.IFNA(VLOOKUP(I122,WithCOI!A:B,2,FALSE),"No COI") -> No COI | C122: =IF(_xlfn.IFNA(VLOOKUP(I122,WithITS2!A:A,1,FALSE),"None") = "None", "None","Yes") -> Yes | D122: =IF(AND(B122="No COI",C122="Yes"),"Double check","OK") -> Double check | E122: No COI, but morph confirms TG | F122: None | G122: Tg | H122: Tg | I122: TG50 | J122: TG50 | K122: Y2 | L122: HN00122531 | M122: SEM-Tg-10_1.fastq.gz | N122: SEM-Tg-10_2.fastq.gz | O122: Semirara | P122: Antique | Q122: 12.087081 | R122: 121.34602 | S122: 68 | T122: 16 | U122: 2002 | V122: 2009 | W122: 9 | X122: 7 | Y122: Antique - Semirara Island - west | Z122: most recent restock; largest cohort
A123: SEM-Tg-7 | B123: =_xlfn.IFNA(VLOOKUP(I123,WithCOI!A:B,2,FALSE),"No COI") -> With COI | C123: =IF(_xlfn.IFNA(VLOOKUP(I123,WithITS2!A:A,1,FALSE),"None") = "None", "None","Yes") -> Yes | D123: =IF(AND(B123="No COI",C123="Yes"),"Double check","OK") -> OK | G123: Tg | H123: =G123 -> Tg | I123: TG51 | J123: TG51 | K123: Y2 | L123: HN00122531 | M123: SEM-Tg-7_1.fastq.gz | N123: SEM-Tg-7_2.fastq.gz | O123: Semirara | P123: Antique | Q123: 12.087081 | R123: 121.34602 | S123: 58 | T123: 16 | U123: 2002 | V123: 2009 | W123: 9 | X123: 7 | Y123: Antique - Semirara Island - west | Z123: most recent restock; largest cohort
A124: SEM-Tg-9 | B124: =_xlfn.IFNA(VLOOKUP(I124,WithCOI!A:B,2,FALSE),"No COI") -> With COI | C124: =IF(_xlfn.IFNA(VLOOKUP(I124,WithITS2!A:A,1,FALSE),"None") = "None", "None","Yes") -> Yes | D124: =IF(AND(B124="No COI",C124="Yes"),"Double check","OK") -> OK | G124: Tg | H124: =G124 -> Tg | I124: TG52 | J124: TG52 | K124: Y2 | L124: HN00122531 | M124: SEM-Tg-9_1.fastq.gz | N124: SEM-Tg-9_2.fastq.gz | O124: Semirara | P124: Antique | Q124: 12.087081 | R124: 121.34602 | S124: 59 | T124: 16 | U124: 2002 | V124: 2009 | W124: 9 | X124: 7 | Y124: Antique - Semirara Island - west | Z124: most recent restock; largest cohort
A125: SIL-Tg-2 | B125: =_xlfn.IFNA(VLOOKUP(I125,WithCOI!A:B,2,FALSE),"No COI") -> With COI | C125: =IF(_xlfn.IFNA(VLOOKUP(I125,WithITS2!A:A,1,FALSE),"None") = "None", "None","Yes") -> Yes | D125: =IF(AND(B125="No COI",C125="Yes"),"Double check","OK") -> OK | G125: Tg | H125: =G125 -> Tg | I125: TG53 | J125: TG53 | K125: Y2 | L125: HN00122531 | M125: SIL-Tg-2_1.fastq.gz | N125: SIL-Tg-2_2.fastq.gz | O125: Silaqui | P125: Bolinao | Q125: 16.444117 | R125: 119.92153 | S125: 47 | T125: 9 | U125: 2009 | V125: Origin | W125: 0 | X125: 9
A126: SIL-Tg-3 | B126: =_xlfn.IFNA(VLOOKUP(I126,WithCOI!A:B,2,FALSE),"No COI") -> With COI | C126: =IF(_xlfn.IFNA(VLOOKUP(I126,WithITS2!A:A,1,FALSE),"None") = "None", "None","Yes") -> Yes | D126: =IF(AND(B126="No COI",C126="Yes"),"Double check","OK") -> OK | G126: Tg | H126: =G126 -> Tg | I126: TG54 | J126: TG54 | K126: Y2 | L126: HN00122531 | M126: SIL-Tg-3_1.fastq.gz | N126: SIL-Tg-3_2.fastq.gz | O126: Silaqui | P126: Bolinao | Q126: 16.444117 | R126: 119.92153 | S126: 52 | T126: 9 | U126: 2009 | V126: Origin | W126: 0 | X126: 9
A127: SIL-Tg-5 | B127: =_xlfn.IFNA(VLOOKUP(I127,WithCOI!A:B,2,FALSE),"No COI") -> With COI | C127: =IF(_xlfn.IFNA(VLOOKUP(I127,WithITS2!A:A,1,FALSE),"None") = "None", "None","Yes") -> Yes | D127: =IF(AND(B127="No COI",C127="Yes"),"Double check","OK") -> OK | G127: Tg | H127: =G127 -> Tg | I127: TG55 | J127: TG55 | K127: Y2 | L127: HN00122531 | M127: SIL-Tg-5_1.fastq.gz | N127: SIL-Tg-5_2.fastq.gz | O127: Silaqui | P127: Bolinao | Q127: 16.444117 | R127: 119.92153 | S127: 44 | T127: 9 | U127: 2009 | V127: Origin | W127: 0 | X127: 9
A128: Bohol_Tg_1 | B128: =_xlfn.IFNA(VLOOKUP(I128,WithCOI!A:B,2,FALSE),"No COI") -> With COI | C128: =IF(_xlfn.IFNA(VLOOKUP(I128,WithITS2!A:A,1,FALSE),"None") = "None", "None","Yes") -> Yes | D128: =IF(AND(B128="No COI",C128="Yes"),"Double check","OK") -> OK | G128: Tg | H128: =G128 -> Tg | I128: TG56 | J128: TG56 | K128: Y3 | L128: HN00138609 | M128: Bohol_Tg_1_1.fastq.gz | N128: Bohol_Tg_1_2.fastq.gz | O128: Bohol | P128: Bohol | Q128: 9.6287333 | R128: 123.80482 | S128: 67 | T128: 14 | U128: 2004 | V128: 2013 | W128: 5 | X128: 9 | Y128: Bohol Province | Z128: most recent restock; largest cohort
A129: Bohol_Tg_2 | B129: =_xlfn.IFNA(VLOOKUP(I129,WithCOI!A:B,2,FALSE),"No COI") -> With COI | C129: =IF(_xlfn.IFNA(VLOOKUP(I129,WithITS2!A:A,1,FALSE),"None") = "None", "None","Yes") -> Yes | D129: =IF(AND(B129="No COI",C129="Yes"),"Double check","OK") -> OK | G129: Tg | H129: =G129 -> Tg | I129: TG57 | J129: TG57 | K129: Y3 | L129: HN00138609 | M129: Bohol_Tg_2_1.fastq.gz | N129: Bohol_Tg_2_2.fastq.gz | O129: Bohol | P129: Bohol | Q129: 9.6287333 | R129: 123.80482 | S129: 67 | T129: 14 | U129: 2004 | V129: 2013 | W129: 5 | X129: 9 | Y129: Bohol Province | Z129: most recent restock; largest cohort
A130: Bohol_Tg_3 | B130: =_xlfn.IFNA(VLOOKUP(I130,WithCOI!A:B,2,FALSE),"No COI") -> With COI | C130: =IF(_xlfn.IFNA(VLOOKUP(I130,WithITS2!A:A,1,FALSE),"None") = "None", "None","Yes") -> Yes | D130: =IF(AND(B130="No COI",C130="Yes"),"Double check","OK") -> OK | G130: Tg | H130: =G130 -> Tg | I130: TG58 | J130: TG58 | K130: Y3 | L130: HN00138609 | M130: Bohol_Tg_3_1.fastq.gz | N130: Bohol_Tg_3_2.fastq.gz | O130: Bohol | P130: Bohol | Q130: 9.6287333 | R130: 123.80482 | S130: 67 | T130: 14 | U130: 2004 | V130: 2013 | W130: 5 | X130: 9 | Y130: Bohol Province | Z130: most recent restock; largest cohort
A131: Camiguin_Tg_1 | B131: =_xlfn.IFNA(VLOOKUP(I131,WithCOI!A:B,2,FALSE),"No COI") -> With COI | C131: =IF(_xlfn.IFNA(VLOOKUP(I131,WithITS2!A:A,1,FALSE),"None") = "None", "None","Yes") -> Yes | D131: =IF(AND(B131="No COI",C131="Yes"),"Double check","OK") -> OK | G131: Tg | H131: =G131 -> Tg | I131: TG59 | J131: TG59 | K131: Y3 | L131: HN00138609 | M131: Camiguin_Tg_1_1.fastq.gz | N131: Camiguin_Tg_1_2.fastq.gz | O131: Camiguin | P131: Camiguin | Q131: 9.1074134 | R131: 124.8032 | S131: 97 | T131: 20 | U131: 1998 | V131: 2001 | W131: 17 | X131: 3 | Y131: Camiguin
A132: Camiguin_Tg_2 | B132: =_xlfn.IFNA(VLOOKUP(I132,WithCOI!A:B,2,FALSE),"No COI") -> With COI | C132: =IF(_xlfn.IFNA(VLOOKUP(I132,WithITS2!A:A,1,FALSE),"None") = "None", "None","Yes") -> Yes | D132: =IF(AND(B132="No COI",C132="Yes"),"Double check","OK") -> OK | G132: Tg | H132: =G132 -> Tg | I132: TG60 | J132: TG60 | K132: Y3 | L132: HN00138609 | M132: Camiguin_Tg_2_1.fastq.gz | N132: Camiguin_Tg_2_2.fastq.gz | O132: Camiguin | P132: Camiguin | Q132: 9.1074134 | R132: 124.8032 | S132: 89 | T132: 20 | U132: 1998 | V132: 2001 | W132: 17 | X132: 3 | Y132: Camiguin
A133: Camiguin_Tg_3 | B133: =_xlfn.IFNA(VLOOKUP(I133,WithCOI!A:B,2,FALSE),"No COI") -> With COI | C133: =IF(_xlfn.IFNA(VLOOKUP(I133,WithITS2!A:A,1,FALSE),"None") = "None", "None","Yes") -> Yes | D133: =IF(AND(B133="No COI",C133="Yes"),"Double check","OK") -> OK | G133: Tg | H133: =G133 -> Tg | I133: TG61 | J133: TG61 | K133: Y3 | L133: HN00138609 | M133: Camiguin_Tg_3_1.fastq.gz | N133: Camiguin_Tg_3_2.fastq.gz | O133: Camiguin | P133: Camiguin | Q133: 9.1074134 | R133: 124.8032 | S133: 89 | T133: 20 | U133: 1998 | V133: 2001 | W133: 17 | X133: 3 | Y133: Camiguin
A134: Camiguin_Tg_r_2 | B134: =_xlfn.IFNA(VLOOKUP(I134,WithCOI!A:B,2,FALSE),"No COI") -> With COI | C134: =IF(_xlfn.IFNA(VLOOKUP(I134,WithITS2!A:A,1,FALSE),"None") = "None", "None","Yes") -> Yes | D134: =IF(AND(B134="No COI",C134="Yes"),"Double check","OK") -> OK | G134: Tg | H134: =G134 -> Tg | I134: TG62 | J134: TG62 | K134: Y3 | L134: HN00138609 | M134: Camiguin_Tg_r_2_1.fastq.gz | N134: Camiguin_Tg_r_2_2.fastq.gz | O134: Camiguin | P134: Camiguin | Q134: 9.1074134 | R134: 124.8032 | S134: 36 | T134: 3 | U134: 2017 approx | V134: 2020 | W134: 0 | X134: 3 | Y134: Camiguin
A135: Camiguin_Tg_r_4 | B135: =_xlfn.IFNA(VLOOKUP(I135,WithCOI!A:B,2,FALSE),"No COI") -> With COI | C135: =IF(_xlfn.IFNA(VLOOKUP(I135,WithITS2!A:A,1,FALSE),"None") = "None", "None","Yes") -> Yes | D135: =IF(AND(B135="No COI",C135="Yes"),"Double check","OK") -> OK | G135: Tg | H135: =G135 -> Tg | I135: TG63 | J135: TG63 | K135: Y3 | L135: HN00138609 | M135: Camiguin_Tg_r_4_1.fastq.gz | N135: Camiguin_Tg_r_4_2.fastq.gz | O135: Camiguin | P135: Camiguin | Q135: 9.1074134 | R135: 124.8032 | S135: 36 | T135: 3 | U135: 2017 approx | V135: 2020 | W135: 0 | X135: 3 | Y135: Camiguin
A136: Camiguin_Tg_r_5 | B136: =_xlfn.IFNA(VLOOKUP(I136,WithCOI!A:B,2,FALSE),"No COI") -> With COI | C136: =IF(_xlfn.IFNA(VLOOKUP(I136,WithITS2!A:A,1,FALSE),"None") = "None", "None","Yes") -> Yes | D136: =IF(AND(B136="No COI",C136="Yes"),"Double check","OK") -> OK | G136: Tg | H136: =G136 -> Tg | I136: TG64 | J136: TG64 | K136: Y3 | L136: HN00138609 | M136: Camiguin_Tg_r_5_1.fastq.gz | N136: Camiguin_Tg_r_5_2.fastq.gz | O136: Camiguin | P136: Camiguin | Q136: 9.1074134 | R136: 124.8032 | S136: 33 | T136: 3 | U136: 2017 approx | V136: 2020 | W136: 0 | X136: 3 | Y136: Camiguin
A137: Samar_Tg_1 | B137: =_xlfn.IFNA(VLOOKUP(I137,WithCOI!A:B,2,FALSE),"No COI") -> No COI | C137: =IF(_xlfn.IFNA(VLOOKUP(I137,WithITS2!A:A,1,FALSE),"None") = "None", "None","Yes") -> Yes | D137: =IF(AND(B137="No COI",C137="Yes"),"Double check","OK") -> Double check | E137: No COI, but morph confirms TG | F137: None | G137: Tg | H137: Tg | I137: TG65 | J137: TG65 | K137: Y3 | L137: HN00138609 | M137: Samar_Tg_1_1.fastq.gz | N137: Samar_Tg_1_2.fastq.gz | O137: Guiuan | P137: Samar | Q137: 11.0583 | R137: 125.6537 | S137: 82 | T137: 17 | U137: 2001 | V137: 2002 | W137: 16 | X137: 1 | Y137: Guiuan via UPV Tacloban | Z137: Pew
A138: Samar_Tg_2 | B138: =_xlfn.IFNA(VLOOKUP(I138,WithCOI!A:B,2,FALSE),"No COI") -> With COI | C138: =IF(_xlfn.IFNA(VLOOKUP(I138,WithITS2!A:A,1,FALSE),"None") = "None", "None","Yes") -> Yes | D138: =IF(AND(B138="No COI",C138="Yes"),"Double check","OK") -> OK | G138: Tg | H138: =G138 -> Tg | I138: TG66 | J138: TG66 | K138: Y3 | L138: HN00138609 | M138: Samar_Tg_2_1.fastq.gz | N138: Samar_Tg_2_2.fastq.gz | O138: Guiuan | P138: Samar | Q138: 11.0583 | R138: 125.6537 | S138: 70 | T138: 17 | U138: 2001 | V138: 2002 | W138: 16 | X138: 1 | Y138: Guiuan via UPV Tacloban | Z138: Pew
A139: Samar_Tg_3 | B139: =_xlfn.IFNA(VLOOKUP(I139,WithCOI!A:B,2,FALSE),"No COI") -> With COI | C139: =IF(_xlfn.IFNA(VLOOKUP(I139,WithITS2!A:A,1,FALSE),"None") = "None", "None","Yes") -> Yes | D139: =IF(AND(B139="No COI",C139="Yes"),"Double check","OK") -> OK | G139: Tg | H139: =G139 -> Tg | I139: TG67 | J139: TG67 | K139: Y3 | L139: HN00138609 | M139: Samar_Tg_3_1.fastq.gz | N139: Samar_Tg_3_2.fastq.gz | O139: Guiuan | P139: Samar | Q139: 11.0583 | R139: 125.6537 | S139: 63 | T139: 17 | U139: 2001 | V139: 2002 | W139: 16 | X139: 1 | Y139: Guiuan via UPV Tacloban | Z139: Pew
A140: APO-A-Tm-5 | B140: =_xlfn.IFNA(VLOOKUP(I140,WithCOI!A:B,2,FALSE),"No COI") -> With COI | C140: =IF(_xlfn.IFNA(VLOOKUP(I140,WithITS2!A:A,1,FALSE),"None") = "None", "None","Yes") -> Yes | D140: =IF(AND(B140="No COI",C140="Yes"),"Double check","OK") -> OK | G140: Tm | H140: =G140 -> Tm | I140: TM01 | J140: TM01 | K140: Y2 | L140: HN00122531 | M140: APO-A-Tm-5_1.fastq.gz | N140: APO-A-Tm-5_2.fastq.gz | O140: Aladin | P140: ARNP | Q140: 12.661617 | R140: 120.41678
A141: APO-SA-Tc-4 | B141: =_xlfn.IFNA(VLOOKUP(I141,WithCOI!A:B,2,FALSE),"No COI") -> With COI | C141: =IF(_xlfn.IFNA(VLOOKUP(I141,WithITS2!A:A,1,FALSE),"None") = "None", "None","Yes") -> Yes | D141: =IF(AND(B141="No COI",C141="Yes"),"Double check","OK") -> OK | G141: Tm | H141: =G141 -> Tm | I141: TM02 | J141: TM02 | K141: Y2 | L141: HN00122531 | M141: APO-SA-Tc-4_1.fastq.gz | N141: APO-SA-Tc-4_2.fastq.gz | O141: South Atoll | P141: ARNP | Q141: 12.639567 | R141: 120.45162
A142: APO-SA-Tm-1 | B142: =_xlfn.IFNA(VLOOKUP(I142,WithCOI!A:B,2,FALSE),"No COI") -> With COI | C142: =IF(_xlfn.IFNA(VLOOKUP(I142,WithITS2!A:A,1,FALSE),"None") = "None", "None","Yes") -> Yes | D142: =IF(AND(B142="No COI",C142="Yes"),"Double check","OK") -> OK | G142: Tm | H142: =G142 -> Tm | I142: TM03 | J142: TM03 | K142: Y2 | L142: HN00122531 | M142: APO-SA-Tm-1_1.fastq.gz | N142: APO-SA-Tm-1_2.fastq.gz | O142: South Atoll | P142: ARNP | Q142: 12.639567 | R142: 120.45162
A143: APO-SA-Tm-4 | B143: =_xlfn.IFNA(VLOOKUP(I143,WithCOI!A:B,2,FALSE),"No COI") -> With COI | C143: =IF(_xlfn.IFNA(VLOOKUP(I143,WithITS2!A:A,1,FALSE),"None") = "None", "None","Yes") -> Yes | D143: =IF(AND(B143="No COI",C143="Yes"),"Double check","OK") -> OK | G143: Tm | H143: =G143 -> Tm | I143: TM04 | J143: TM04 | K143: Y2 | L143: HN00122531 | M143: APO-SA-Tm-4_1.fastq.gz | N143: APO-SA-Tm-4_2.fastq.gz | O143: South Atoll | P143: ARNP | Q143: 12.639567 | R143: 120.45162
...

Sheet WithCOI
A1: SampleID | B1: Comments
A2: TM24 | B2: With COI
A3: HH06 | B3: With COI
A4: HH12 | B4: With COI
A5: TS24 | B5: With COI
A6: TS25 | B6: With COI
A7: TS22 | B7: With COI
A8: TS23 | B8: With COI
A9: TS21 | B9: With COI
A10: HH09 | B10: With COI
A11: TN11 | B11: With COI
A12: TS26 | B12: With COI
... A160: TS19 | B160: With COI

Sheet WithITS2
A1: TM24
A2: HH06
A3: HH12
A4: TS24
A5: TS25
A6: TS22
A7: TS23
A8: TS21
A9: HH09
A10: TN11
A11: TS26
A12: TN06
... A159: TS19
